{"CRYPTO.CRYPTO_BITCOIN.TRANSACTIONS": {"hash": "035fd8df8740ebc03839d8fbef2030d376e6589956ac4ac6d9edf0be053fb450", "size": 226, "virtual_size": 226, "version": 1, "lock_time": 0, "block_hash": "00000000000000000126fd575309a6f67f2a2f530a84490e9f8f87334161aafb", "block_number": 462467, "block_timestamp": 1492548513000000, "block_timestamp_month": "2017-04-01", "input_count": 1, "output_count": 2, "input_value": "1274238.000000000", "output_value": "1224518.000000000", "is_coinbase": false, "fee": "49720.000000000", "inputs": "[\n  {\n    \"addresses\": [\n      \"16tqW1QosmGn4APyXML5Wxg2oyNRZ3FpMD\"\n    ],\n    \"index\": 0,\n    \"required_signatures\": 1,\n    \"script_asm\": \"3045022100e4f95e31f0e72af20e4d70cbfc99ecd2e1f1d890c097707a47fe05d32c1e94280220401274e23681e0e020e1c285dd783145a46a6a2c2adef470252485000d70352f[ALL] 039eaf9391c98780be2317ee607354b20875b912d20c79e10045c90f8b7bbda525\",\n    \"script_hex\": \"483045022100e4f95e31f0e72af20e4d70cbfc99ecd2e1f1d890c097707a47fe05d32c1e94280220401274e23681e0e020e1c285dd783145a46a6a2c2adef470252485000d70352f0121039eaf9391c98780be2317ee607354b20875b912d20c79e10045c90f8b7bbda525\",\n    \"sequence\": 4294967295,\n    \"spent_output_index\": 1,\n    \"spent_transaction_hash\": \"67a2b918ed8538a38fe96988ffbf85c9dbd26e9b168a4b44a0a4a5bf12374108\",\n    \"type\": \"pubkeyhash\",\n    \"value\": 1274238\n  }\n]", "outputs": "[\n  {\n    \"addresses\": [\n      \"1FqYmp7BUtzLLUPcwfis4CPsK3ig6qvuGL\"\n    ],\n    \"index\": 0,\n    \"required_signatures\": 1,\n    \"script_asm\": \"OP_DUP OP_HASH160 a2c03fe518ad5ff888d01514f7e82d9f3be7a946 OP_EQUALVERIFY OP_CHECKSIG\",\n    \"script_hex\": \"76a914a2c03fe518ad5ff888d01514f7e82d9f3be7a94688ac\",\n    \"type\": \"pubkeyhash\",\n    \"value\": 104518\n  },\n  {\n    \"addresses\": [\n      \"1BZwkp87PFgP2rQRc7WUgFCGwqW8EjHX9B\"\n    ],\n    \"index\": 1,\n    \"required_signatures\": 1,\n    \"script_asm\": \"OP_DUP OP_HASH160 73ec46af2cebc4261b03da2260452bb98d3d0be1 OP_EQUALVERIFY OP_CHECKSIG\",\n    \"script_hex\": \"76a91473ec46af2cebc4261b03da2260452bb98d3d0be188ac\",\n    \"type\": \"pubkeyhash\",\n    \"value\": 1120000\n  }\n]"}}